{  
"projects": [
  {
    "id": 1,
    "title": "DevDash",
    "description": "A productivity dashboard for developers to track tasks, goals, and inspiration.",
    "image": "/images/project-1.png",
    "url": "https://example.com",
    "date": "2025-02-01",
    "category": "Fullstack",
    "featured": false
  },
  {
    "id": 2,
    "title": "SnapFeed",
    "description": "A photo-sharing app with uploads, a feed, and social features.",
    "image": "/images/project-2.png",
    "url": "https://example.com",
    "date": "2025-01-20",
    "category": "Frontend",
    "featured": true
  },
  {
    "id": 3,
    "title": "NoteNest",
    "description": "A note-taking app with categories and local storage support.",
    "image": "/images/project-3.png",
    "url": "https://example.com",
    "date": "2024-12-15",
    "category": "Frontend",
    "featured": true
  },
  {
    "id": 4,
    "title": "FitTrack",
    "description": "A fitness tracker that logs workouts and progress visually.",
    "image": "/images/project-4.png",
    "url": "https://example.com",
    "date": "2024-11-05",
    "category": "Fullstack",
    "featured": false
  },
  {
    "id": 5,
    "title": "CodeCritic",
    "description": "A code snippet review tool with comments and upvotes.",
    "image": "/images/project-5.png",
    "url": "https://example.com",
    "date": "2024-10-12",
    "category": "Frontend",
    "featured": false
  },
  {
    "id": 6,
    "title": "InspoQuote",
    "description": "A daily inspiration quote generator with save/share options.",
    "image": "/images/project-6.png",
    "url": "https://example.com",
    "date": "2024-09-28",
    "category": "Fullstack",
    "featured": false
  },
  {
    "id": 7,
    "title": "Blogify",
    "description": "A minimalist blogging platform with Markdown and comments.",
    "image": "/images/project-7.png",
    "url": "https://example.com",
    "date": "2024-09-01",
    "category": "Fullstack",
    "featured": false
  }
]
}